Date,Evaluating cases,Processing time
"2024-12-10 09:08:37.010101+00:00","2024-10-30","5.92"
"2024-12-10 11:08:37.010101+00:00","2024-10-31","5.71"
"2024-12-10 15:45:35.010101+00:00","2024-10-31","5.71"
"2024-12-11 06:15:09.010101+00:00","2024-10-31","5.86"
"2024-12-11 10:30:04.010101+00:00","2024-11-01","5.71"
"2024-12-11 11:00:05.010101+00:00","2024-11-01","5.71"
"2024-12-11 11:30:05.010101+00:00","2024-11-01","5.71"
"2024-12-11 13:30:04.010101+00:00","2024-11-04","5.29"
"2024-12-11 15:05:53.010101+00:00","2024-11-04","5.29"
"2024-12-11 16:00:05.010101+00:00","2024-11-04","5.29"
"2024-12-11 22:30:55.239531+00:00","2024-11-04","5.29"
"2024-12-12 07:19:05.445736+00:00","2024-11-04","5.43"
"2024-12-12 07:38:53.512660+00:00","2024-11-04","5.43"
"2024-12-12 08:24:48.520838+00:00","2024-11-04","5.43"
"2024-12-12 08:46:27.551536+00:00","2024-11-04","5.43"
"2024-12-12 09:20:09.599488+00:00","2024-11-04","5.43"
"2024-12-12 09:40:47.335247+00:00","2024-11-04","5.43"
"2024-12-12 10:20:21.657000+00:00","2024-11-04","5.43"
"2024-12-12 10:44:44.092244+00:00","2024-11-04","5.43"
"2024-12-12 11:15:42.542181+00:00","2024-11-04","5.43"
"2024-12-12 11:37:09.604602+00:00","2024-11-04","5.43"
"2024-12-12 12:38:06.787046+00:00","2024-11-04","5.43"
"2024-12-12 13:28:18.921268+00:00","2024-11-04","5.43"
"2024-12-12 13:45:10.558445+00:00","2024-11-04","5.43"
"2024-12-12 14:18:09.724701+00:00","2024-11-04","5.43"
"2024-12-12 14:42:46.219737+00:00","2024-11-04","5.43"
"2024-12-12 15:20:01.272273+00:00","2024-11-04","5.43"
"2024-12-12 15:41:39.926753+00:00","2024-11-04","5.43"
"2024-12-12 16:24:09.534399+00:00","2024-11-04","5.43"
"2024-12-12 16:48:16.057227+00:00","2024-11-04","5.43"
"2024-12-12 17:16:25.272722+00:00","2024-11-04","5.43"
"2024-12-12 17:40:35.295888+00:00","2024-11-04","5.43"
"2024-12-13 07:18:36.672439+00:00","2024-11-04","5.57"
"2024-12-13 07:37:36.099493+00:00","2024-11-04","5.57"
"2024-12-13 08:24:27.691679+00:00","2024-11-04","5.57"
"2024-12-13 08:45:45.451280+00:00","2024-11-04","5.57"
"2024-12-13 09:19:46.315576+00:00","2024-11-04","5.57"
"2024-12-13 09:40:08.128643+00:00","2024-11-04","5.57"
"2024-12-13 10:19:48.999358+00:00","2024-11-05","5.43"
"2024-12-13 10:43:43.894002+00:00","2024-11-05","5.43"
"2024-12-13 11:15:23.435401+00:00","2024-11-05","5.43"
"2024-12-13 11:37:11.970544+00:00","2024-11-05","5.43"
"2024-12-13 12:36:49.356509+00:00","2024-11-05","5.43"
"2024-12-13 13:27:18.887186+00:00","2024-11-05","5.43"
"2024-12-13 13:44:09.434802+00:00","2024-11-05","5.43"
"2024-12-13 14:17:38.753833+00:00","2024-11-05","5.43"
"2024-12-13 14:42:04.994974+00:00","2024-11-05","5.43"
"2024-12-13 15:19:34.343760+00:00","2024-11-05","5.43"
"2024-12-13 15:40:40.601943+00:00","2024-11-05","5.43"
"2024-12-13 16:23:02.984385+00:00","2024-11-05","5.43"
"2024-12-13 16:46:14.200366+00:00","2024-11-05","5.43"
"2024-12-13 17:16:28.994079+00:00","2024-11-05","5.43"
"2024-12-13 17:40:10.984566+00:00","2024-11-05","5.43"
"2024-12-16 07:21:08.806195+00:00","2024-11-08","5.43"
"2024-12-16 07:39:51.680499+00:00","2024-11-08","5.43"
"2024-12-16 08:28:44.021359+00:00","2024-11-08","5.43"
"2024-12-16 08:49:41.897899+00:00","2024-11-08","5.43"
"2024-12-16 09:23:20.145004+00:00","2024-11-08","5.43"
"2024-12-16 09:42:01.337555+00:00","2024-11-08","5.43"
"2024-12-16 10:23:05.156720+00:00","2024-11-08","5.43"
"2024-12-16 10:45:42.153325+00:00","2024-11-08","5.43"
"2024-12-16 11:17:21.216296+00:00","2024-11-08","5.43"
"2024-12-16 11:37:48.357043+00:00","2024-11-08","5.43"
"2024-12-16 12:42:07.005827+00:00","2024-11-08","5.43"
"2024-12-16 13:29:53.876984+00:00","2024-11-08","5.43"
"2024-12-16 13:46:31.368380+00:00","2024-11-08","5.43"
"2024-12-16 14:19:45.985562+00:00","2024-11-08","5.43"
"2024-12-16 14:43:35.159132+00:00","2024-11-08","5.43"
"2024-12-16 15:22:10.965474+00:00","2024-11-08","5.43"
"2024-12-16 15:42:03.425172+00:00","2024-11-08","5.43"
"2024-12-16 16:26:48.573131+00:00","2024-11-08","5.43"
"2024-12-16 16:49:16.456374+00:00","2024-11-08","5.43"
"2024-12-16 17:16:57.906409+00:00","2024-11-08","5.43"
"2024-12-16 17:40:11.268879+00:00","2024-11-08","5.43"
"2024-12-17 07:20:31.129295+00:00","2024-11-11","5.14"
"2024-12-17 07:38:57.783714+00:00","2024-11-11","5.14"
"2024-12-17 08:27:32.338147+00:00","2024-11-11","5.14"
"2024-12-17 08:48:59.655149+00:00","2024-11-11","5.14"
"2024-12-17 09:22:35.461782+00:00","2024-11-11","5.14"
"2024-12-17 09:41:30.942053+00:00","2024-11-11","5.14"
"2024-12-17 10:22:01.810230+00:00","2024-11-11","5.14"
"2024-12-17 10:45:16.598749+00:00","2024-11-11","5.14"
"2024-12-17 11:17:10.638774+00:00","2024-11-11","5.14"
"2024-12-17 11:37:48.596250+00:00","2024-11-11","5.14"
"2024-12-17 12:41:19.843040+00:00","2024-11-12","5.0"
"2024-12-17 13:29:48.052896+00:00","2024-11-12","5.0"
"2024-12-17 13:46:01.581171+00:00","2024-11-12","5.0"
"2024-12-17 14:19:27.893508+00:00","2024-11-12","5.0"
"2024-12-17 14:42:57.486062+00:00","2024-11-12","5.0"
"2024-12-17 15:21:53.956196+00:00","2024-11-12","5.0"
"2024-12-17 15:42:05.825543+00:00","2024-11-12","5.0"
"2024-12-17 16:26:45.748232+00:00","2024-11-12","5.0"
"2024-12-17 16:49:30.359030+00:00","2024-11-12","5.0"
"2024-12-17 17:18:23.910555+00:00","2024-11-12","5.0"
"2024-12-17 17:41:02.360562+00:00","2024-11-12","5.0"
"2024-12-18 07:18:59.461968+00:00","2024-11-12","5.14"
"2024-12-18 07:37:56.122401+00:00","2024-11-12","5.14"
"2024-12-18 08:26:54.713566+00:00","2024-11-12","5.14"
"2024-12-18 08:47:25.671973+00:00","2024-11-12","5.14"
"2024-12-18 09:21:10.121329+00:00","2024-11-12","5.14"
"2024-12-18 09:40:14.274373+00:00","2024-11-12","5.14"
"2024-12-18 10:21:22.347986+00:00","2024-11-12","5.14"
"2024-12-18 10:43:04.294494+00:00","2024-11-12","5.14"
"2024-12-18 11:16:21.566261+00:00","2024-11-12","5.14"
"2024-12-18 11:37:39.968233+00:00","2024-11-12","5.14"
"2024-12-18 12:39:45.550637+00:00","2024-11-12","5.14"
"2024-12-18 13:27:33.802623+00:00","2024-11-12","5.14"
"2024-12-18 13:43:02.165164+00:00","2024-11-12","5.14"
"2024-12-18 14:18:38.052491+00:00","2024-11-12","5.14"
"2024-12-18 14:41:59.180857+00:00","2024-11-12","5.14"
"2024-12-18 15:21:13.235906+00:00","2024-11-12","5.14"
"2024-12-18 15:41:06.192736+00:00","2024-11-12","5.14"
"2024-12-18 16:25:25.816624+00:00","2024-11-12","5.14"
"2024-12-18 16:46:49.959482+00:00","2024-11-12","5.14"
"2024-12-18 17:17:40.641548+00:00","2024-11-12","5.14"
"2024-12-18 17:39:45.858374+00:00","2024-11-12","5.14"
"2024-12-19 07:19:33.526552+00:00","2024-11-12","5.29"
"2024-12-19 07:37:24.569640+00:00","2024-11-12","5.29"
"2024-12-19 08:26:23.450512+00:00","2024-11-12","5.29"
"2024-12-19 08:45:50.721816+00:00","2024-11-12","5.29"
"2024-12-19 09:21:13.326870+00:00","2024-11-12","5.29"
"2024-12-19 09:40:15.039040+00:00","2024-11-12","5.29"
"2024-12-19 10:21:12.462539+00:00","2024-11-12","5.29"
"2024-12-19 10:43:36.172227+00:00","2024-11-12","5.29"
"2024-12-19 11:16:31.848339+00:00","2024-11-12","5.29"
"2024-12-19 11:37:57.564572+00:00","2024-11-12","5.29"
"2024-12-19 12:39:48.693052+00:00","2024-11-12","5.29"
"2024-12-19 13:27:29.861703+00:00","2024-11-12","5.29"
"2024-12-19 13:43:27.652064+00:00","2024-11-12","5.29"
"2024-12-19 14:18:37.844900+00:00","2024-11-12","5.29"
"2024-12-19 14:41:44.445662+00:00","2024-11-12","5.29"
"2024-12-19 15:20:55.724080+00:00","2024-11-12","5.29"
"2024-12-19 15:40:31.104869+00:00","2024-11-12","5.29"
"2024-12-19 16:22:29.998581+00:00","2024-11-12","5.29"
"2024-12-19 16:43:38.704040+00:00","2024-11-12","5.29"
"2024-12-19 17:15:34.395965+00:00","2024-11-12","5.29"
"2024-12-19 17:38:39.257080+00:00","2024-11-12","5.29"
"2024-12-20 07:18:01.226928+00:00","2024-11-14","5.14"
"2024-12-20 07:37:20.068138+00:00","2024-11-14","5.14"
"2024-12-20 08:24:49.909281+00:00","2024-11-14","5.14"
"2024-12-20 08:43:09.484934+00:00","2024-11-14","5.14"
"2024-12-20 09:19:35.487484+00:00","2024-11-14","5.14"
"2024-12-20 09:38:14.560177+00:00","2024-11-14","5.14"
"2024-12-20 10:19:47.340316+00:00","2024-11-14","5.14"
"2024-12-20 10:41:01.715188+00:00","2024-11-14","5.14"
"2024-12-20 11:06:36.309410+00:00","2024-11-14","5.14"
"2024-12-20 11:31:24.001193+00:00","2024-11-14","5.14"
"2024-12-20 12:14:35.184375+00:00","2024-11-14","5.14"
"2024-12-20 12:54:37.966545+00:00","2024-11-14","5.14"
"2024-12-20 13:14:58.743019+00:00","2024-11-14","5.14"
"2024-12-20 13:34:40.736915+00:00","2024-11-14","5.14"
"2024-12-20 14:07:55.628094+00:00","2024-11-14","5.14"
"2024-12-20 14:35:59.732933+00:00","2024-11-14","5.14"
"2024-12-20 15:07:56.506465+00:00","2024-11-14","5.14"
"2024-12-20 15:33:37.989977+00:00","2024-11-14","5.14"
"2024-12-20 16:09:20.327211+00:00","2024-11-14","5.14"
"2024-12-20 16:39:51.313929+00:00","2024-11-14","5.14"
"2024-12-20 17:06:45.053262+00:00","2024-11-14","5.14"
"2024-12-20 17:33:43.477786+00:00","2024-11-14","5.14"
"2024-12-20 20:08:27.700246+00:00","2024-11-14","5.14"
"2024-12-23 06:12:24.846407+00:00","2024-11-14","5.57"
"2024-12-23 06:42:26.242845+00:00","2024-11-14","5.57"
"2024-12-23 07:08:43.115615+00:00","2024-11-14","5.57"
"2024-12-23 07:31:36.304338+00:00","2024-11-14","5.57"
"2024-12-23 08:11:44.180833+00:00","2024-11-14","5.57"
"2024-12-23 08:39:42.645799+00:00","2024-11-14","5.57"
"2024-12-23 09:09:03.227848+00:00","2024-11-14","5.57"
"2024-12-23 09:33:56.052659+00:00","2024-11-14","5.57"
"2024-12-23 10:09:05.272255+00:00","2024-11-14","5.57"
"2024-12-23 10:38:49.762127+00:00","2024-11-14","5.57"
"2024-12-23 11:06:44.097957+00:00","2024-11-14","5.57"
"2024-12-23 11:31:14.139871+00:00","2024-11-14","5.57"
"2024-12-23 12:14:56.921359+00:00","2024-11-14","5.57"
"2024-12-23 12:55:12.592023+00:00","2024-11-14","5.57"
"2024-12-23 13:15:52.657608+00:00","2024-11-14","5.57"
"2024-12-23 13:36:20.292662+00:00","2024-11-14","5.57"
"2024-12-23 14:07:31.028682+00:00","2024-11-14","5.57"
"2024-12-23 14:36:27.094409+00:00","2024-11-14","5.57"
"2024-12-23 15:08:02.195932+00:00","2024-11-14","5.57"
"2024-12-23 15:33:53.331293+00:00","2024-11-14","5.57"
"2024-12-23 16:09:26.590106+00:00","2024-11-14","5.57"
"2024-12-23 16:40:58.441075+00:00","2024-11-14","5.57"
"2024-12-23 17:07:05.972308+00:00","2024-11-14","5.57"
"2024-12-23 17:34:25.678695+00:00","2024-11-14","5.57"
"2024-12-24 06:11:39.620721+00:00","2024-11-14","5.71"
"2024-12-24 06:41:23.489925+00:00","2024-11-14","5.71"
"2024-12-24 07:07:56.771848+00:00","2024-11-14","5.71"
"2024-12-24 07:31:09.939854+00:00","2024-11-14","5.71"
"2024-12-24 08:10:59.046415+00:00","2024-11-14","5.71"
"2024-12-24 08:38:54.344559+00:00","2024-11-14","5.71"
"2024-12-24 09:08:01.655095+00:00","2024-11-14","5.71"
"2024-12-24 09:33:02.670427+00:00","2024-11-14","5.71"
"2024-12-24 10:08:16.225487+00:00","2024-11-14","5.71"
"2024-12-24 10:37:44.537381+00:00","2024-11-14","5.71"
"2024-12-24 11:06:57.517376+00:00","2024-11-14","5.71"
"2024-12-24 11:31:30.407856+00:00","2024-11-14","5.71"
"2024-12-24 12:14:43.034058+00:00","2024-11-14","5.71"
"2024-12-24 12:54:04.020866+00:00","2024-11-14","5.71"
"2024-12-24 13:14:29.398803+00:00","2024-11-14","5.71"
"2024-12-24 13:33:54.861850+00:00","2024-11-14","5.71"
"2024-12-24 14:07:11.633707+00:00","2024-11-14","5.71"
"2024-12-24 14:34:51.451115+00:00","2024-11-14","5.71"
"2024-12-24 15:07:29.248876+00:00","2024-11-14","5.71"
"2024-12-24 15:32:41.497536+00:00","2024-11-14","5.71"
"2024-12-24 16:08:58.129116+00:00","2024-11-14","5.71"
"2024-12-24 16:39:11.216397+00:00","2024-11-14","5.71"
"2024-12-24 17:06:40.854553+00:00","2024-11-14","5.71"
"2024-12-24 17:32:07.716363+00:00","2024-11-14","5.71"
"2024-12-25 06:11:48.840615+00:00","2024-11-14","5.86"
"2024-12-25 06:41:22.447241+00:00","2024-11-14","5.86"
"2024-12-25 07:08:01.156297+00:00","2024-11-14","5.86"
"2024-12-25 07:31:26.056096+00:00","2024-11-14","5.86"
"2024-12-25 08:10:48.675169+00:00","2024-11-14","5.86"
"2024-12-25 08:39:15.011839+00:00","2024-11-14","5.86"
"2024-12-25 09:08:04.072656+00:00","2024-11-14","5.86"
"2024-12-25 09:32:39.526324+00:00","2024-11-14","5.86"
"2024-12-25 10:08:11.430901+00:00","2024-11-14","5.86"
"2024-12-25 10:37:11.366447+00:00","2024-11-14","5.86"
"2024-12-25 11:06:29.777317+00:00","2024-11-14","5.86"
"2024-12-25 11:31:31.508922+00:00","2024-11-14","5.86"
"2024-12-25 12:14:16.088447+00:00","2024-11-14","5.86"
"2024-12-25 12:53:34.969206+00:00","2024-11-14","5.86"
"2024-12-25 13:14:06.764313+00:00","2024-11-14","5.86"
"2024-12-25 13:33:45.354859+00:00","2024-11-14","5.86"
"2024-12-25 14:07:07.442218+00:00","2024-11-14","5.86"
"2024-12-25 14:34:28.717329+00:00","2024-11-14","5.86"
"2024-12-25 15:07:12.138287+00:00","2024-11-14","5.86"
"2024-12-25 15:32:42.967985+00:00","2024-11-14","5.86"
"2024-12-25 16:08:57.546239+00:00","2024-11-14","5.86"
"2024-12-25 16:39:02.025731+00:00","2024-11-14","5.86"
"2024-12-25 17:06:33.587627+00:00","2024-11-14","5.86"
"2024-12-25 17:34:09.334918+00:00","2024-11-14","5.86"
"2024-12-26 06:11:54.543597+00:00","2024-11-14","6.0"
"2024-12-26 06:41:43.638721+00:00","2024-11-14","6.0"
"2024-12-26 07:08:01.060375+00:00","2024-11-14","6.0"
"2024-12-26 07:31:22.260421+00:00","2024-11-14","6.0"
"2024-12-26 08:11:01.704882+00:00","2024-11-14","6.0"
"2024-12-26 08:38:51.272949+00:00","2024-11-14","6.0"
"2024-12-26 09:08:19.514942+00:00","2024-11-14","6.0"
"2024-12-26 09:33:02.665768+00:00","2024-11-14","6.0"
"2024-12-26 10:08:17.708577+00:00","2024-11-14","6.0"
"2024-12-26 10:37:53.095105+00:00","2024-11-14","6.0"
"2024-12-26 11:06:43.222510+00:00","2024-11-14","6.0"
"2024-12-26 11:31:30.910734+00:00","2024-11-14","6.0"
"2024-12-26 12:14:33.208186+00:00","2024-11-14","6.0"
"2024-12-26 12:54:52.051114+00:00","2024-11-14","6.0"
"2024-12-26 13:15:01.719622+00:00","2024-11-14","6.0"
"2024-12-26 13:34:53.230232+00:00","2024-11-14","6.0"
"2024-12-26 14:07:07.896206+00:00","2024-11-14","6.0"
"2024-12-26 14:35:22.513318+00:00","2024-11-14","6.0"
"2024-12-26 15:07:27.258935+00:00","2024-11-14","6.0"
"2024-12-26 15:33:05.925212+00:00","2024-11-14","6.0"
"2024-12-26 16:09:19.364673+00:00","2024-11-14","6.0"
"2024-12-26 16:39:25.022127+00:00","2024-11-14","6.0"
"2024-12-26 17:06:40.163219+00:00","2024-11-14","6.0"
"2024-12-26 17:32:25.688647+00:00","2024-11-14","6.0"
"2024-12-27 06:11:30.686273+00:00","2024-11-14","6.14"
"2024-12-27 06:41:04.371082+00:00","2024-11-14","6.14"
"2024-12-27 07:07:59.438070+00:00","2024-11-14","6.14"
"2024-12-27 07:31:20.889079+00:00","2024-11-14","6.14"
"2024-12-27 08:10:54.963564+00:00","2024-11-14","6.14"
"2024-12-27 08:38:37.965205+00:00","2024-11-14","6.14"
"2024-12-27 09:08:02.452623+00:00","2024-11-14","6.14"
"2024-12-27 09:32:38.115863+00:00","2024-11-14","6.14"
"2024-12-27 10:08:03.961379+00:00","2024-11-14","6.14"
"2024-12-27 10:37:20.586251+00:00","2024-11-14","6.14"
"2024-12-27 11:06:22.942292+00:00","2024-11-14","6.14"
"2024-12-27 11:31:26.411576+00:00","2024-11-14","6.14"
"2024-12-27 12:14:13.508489+00:00","2024-11-14","6.14"
"2024-12-27 12:53:43.834910+00:00","2024-11-14","6.14"
"2024-12-27 13:14:22.489748+00:00","2024-11-14","6.14"
"2024-12-27 13:34:11.123515+00:00","2024-11-14","6.14"
"2024-12-27 14:07:10.846719+00:00","2024-11-14","6.14"
"2024-12-27 14:35:16.802554+00:00","2024-11-14","6.14"
"2024-12-27 15:07:39.541535+00:00","2024-11-14","6.14"
"2024-12-27 15:32:26.784086+00:00","2024-11-14","6.14"
"2024-12-27 16:09:01.254550+00:00","2024-11-14","6.14"
"2024-12-27 16:38:47.186644+00:00","2024-11-14","6.14"
"2024-12-27 17:06:39.474403+00:00","2024-11-14","6.14"
"2024-12-27 17:32:12.351811+00:00","2024-11-14","6.14"
"2024-12-30 06:12:20.109131+00:00","2024-11-14","6.57"
"2024-12-30 06:42:16.744048+00:00","2024-11-14","6.57"
"2024-12-30 07:09:45.510322+00:00","2024-11-14","6.57"
"2024-12-30 07:33:07.384506+00:00","2024-11-14","6.57"
"2024-12-30 08:11:33.508010+00:00","2024-11-14","6.57"
"2024-12-30 08:39:11.381381+00:00","2024-11-14","6.57"
"2024-12-30 09:09:02.682269+00:00","2024-11-14","6.57"
"2024-12-30 09:34:02.016342+00:00","2024-11-14","6.57"
"2024-12-30 10:09:07.981033+00:00","2024-11-14","6.57"
"2024-12-30 10:38:44.895251+00:00","2024-11-14","6.57"
"2024-12-30 11:06:48.243729+00:00","2024-11-14","6.57"
"2024-12-30 11:31:25.146730+00:00","2024-11-14","6.57"
"2024-12-30 12:14:51.940089+00:00","2024-11-14","6.57"
"2024-12-30 12:54:16.652740+00:00","2024-11-14","6.57"
"2024-12-30 13:15:26.713749+00:00","2024-11-14","6.57"
"2024-12-30 13:35:26.214243+00:00","2024-11-14","6.57"
"2024-12-30 14:07:19.668658+00:00","2024-11-14","6.57"
"2024-12-30 14:35:41.024133+00:00","2024-11-14","6.57"
"2024-12-30 15:07:53.601401+00:00","2024-11-14","6.57"
"2024-12-30 15:33:13.876380+00:00","2024-11-14","6.57"
"2024-12-30 16:09:12.324350+00:00","2024-11-14","6.57"
"2024-12-30 16:40:06.525912+00:00","2024-11-14","6.57"
"2024-12-30 17:06:36.944583+00:00","2024-11-14","6.57"
"2024-12-30 17:33:08.847752+00:00","2024-11-14","6.57"
"2024-12-31 06:11:28.051349+00:00","2024-11-14","6.71"
"2024-12-31 06:40:53.830564+00:00","2024-11-14","6.71"
"2024-12-31 07:07:57.871170+00:00","2024-11-14","6.71"
"2024-12-31 07:31:39.887541+00:00","2024-11-14","6.71"
"2024-12-31 08:10:56.724868+00:00","2024-11-14","6.71"
"2024-12-31 08:38:37.026442+00:00","2024-11-14","6.71"
"2024-12-31 09:08:06.723825+00:00","2024-11-14","6.71"
"2024-12-31 09:32:25.888738+00:00","2024-11-14","6.71"
"2024-12-31 10:08:17.590326+00:00","2024-11-14","6.71"
"2024-12-31 10:37:36.787432+00:00","2024-11-14","6.71"
"2024-12-31 11:06:24.862648+00:00","2024-11-14","6.71"
"2024-12-31 11:31:31.399237+00:00","2024-11-14","6.71"
"2024-12-31 12:14:15.385441+00:00","2024-11-14","6.71"
"2024-12-31 12:53:35.435204+00:00","2024-11-14","6.71"
"2024-12-31 13:14:25.577668+00:00","2024-11-14","6.71"
"2024-12-31 13:33:38.216413+00:00","2024-11-14","6.71"
"2024-12-31 14:07:10.070500+00:00","2024-11-14","6.71"
"2024-12-31 14:34:20.435541+00:00","2024-11-14","6.71"
"2024-12-31 15:07:34.176288+00:00","2024-11-14","6.71"
"2024-12-31 15:32:38.619525+00:00","2024-11-14","6.71"
"2024-12-31 16:08:46.184492+00:00","2024-11-14","6.71"
"2024-12-31 16:40:20.397677+00:00","2024-11-14","6.71"
"2024-12-31 17:06:45.863461+00:00","2024-11-14","6.71"
"2024-12-31 17:32:16.710865+00:00","2024-11-14","6.71"
"2025-01-01 06:12:05.872535+00:00","2024-11-14","6.86"
"2025-01-01 06:42:11.003872+00:00","2024-11-14","6.86"
"2025-01-01 07:08:06.546364+00:00","2024-11-14","6.86"
"2025-01-01 07:31:08.237576+00:00","2024-11-14","6.86"
"2025-01-01 08:10:44.538968+00:00","2024-11-14","6.86"
"2025-01-01 08:38:46.251899+00:00","2024-11-14","6.86"
"2025-01-01 09:08:38.404388+00:00","2024-11-14","6.86"
"2025-01-01 09:32:56.370355+00:00","2024-11-14","6.86"
"2025-01-01 10:08:25.290825+00:00","2024-11-14","6.86"
"2025-01-01 10:37:20.944286+00:00","2024-11-14","6.86"
"2025-01-01 11:06:36.818478+00:00","2024-11-14","6.86"
"2025-01-01 11:31:27.136126+00:00","2024-11-14","6.86"
"2025-01-01 12:14:14.117425+00:00","2024-11-14","6.86"
"2025-01-01 12:53:31.039112+00:00","2024-11-14","6.86"
"2025-01-01 13:14:13.832377+00:00","2024-11-14","6.86"
"2025-01-01 13:33:32.075297+00:00","2024-11-14","6.86"
"2025-01-01 14:07:06.465944+00:00","2024-11-14","6.86"
"2025-01-01 14:34:20.878816+00:00","2024-11-14","6.86"
"2025-01-01 15:07:38.664172+00:00","2024-11-14","6.86"
"2025-01-01 15:33:24.400087+00:00","2024-11-14","6.86"
"2025-01-01 16:08:58.395072+00:00","2024-11-14","6.86"
"2025-01-01 16:40:06.941215+00:00","2024-11-14","6.86"
"2025-01-01 17:06:40.689598+00:00","2024-11-14","6.86"
"2025-01-01 17:32:13.367263+00:00","2024-11-14","6.86"
"2025-01-02 09:33:12.424233+00:00","2024-11-14","7.0"
"2025-01-02 10:08:10.475423+00:00","2024-11-14","7.0"
"2025-01-02 10:37:58.948163+00:00","2024-11-14","7.0"
"2025-01-02 11:06:30.854154+00:00","2024-11-14","7.0"
"2025-01-02 11:31:12.882736+00:00","2024-11-14","7.0"
"2025-01-02 12:14:21.326619+00:00","2024-11-14","7.0"
"2025-01-02 12:54:38.878039+00:00","2024-11-14","7.0"
"2025-01-02 13:14:41.098798+00:00","2024-11-14","7.0"
"2025-01-02 13:34:38.696690+00:00","2024-11-14","7.0"
"2025-01-02 14:07:23.465550+00:00","2024-11-14","7.0"
"2025-01-02 14:35:19.745636+00:00","2024-11-14","7.0"
"2025-01-02 15:07:34.127420+00:00","2024-11-14","7.0"
"2025-01-02 15:33:21.840912+00:00","2024-11-14","7.0"
"2025-01-02 16:09:36.302206+00:00","2024-11-14","7.0"
"2025-01-02 16:40:13.222783+00:00","2024-11-14","7.0"
"2025-01-02 17:06:44.094010+00:00","2024-11-14","7.0"
"2025-01-02 17:33:14.630128+00:00","2024-11-14","7.0"
"2025-01-03 06:11:38.012919+00:00","2024-11-14","7.14"
"2025-01-03 06:41:10.765208+00:00","2024-11-14","7.14"
"2025-01-03 07:08:01.798909+00:00","2024-11-14","7.14"
"2025-01-03 07:31:21.306017+00:00","2024-11-14","7.14"
"2025-01-03 08:10:54.204332+00:00","2024-11-14","7.14"
"2025-01-03 08:38:49.588910+00:00","2024-11-14","7.14"
"2025-01-03 09:08:19.642317+00:00","2024-11-14","7.14"
"2025-01-03 09:33:13.562001+00:00","2024-11-14","7.14"
"2025-01-03 10:08:28.751954+00:00","2024-11-14","7.14"
"2025-01-03 10:37:54.876913+00:00","2024-11-14","7.14"
"2025-01-03 11:06:36.588501+00:00","2024-11-14","7.14"
"2025-01-03 11:31:21.611831+00:00","2024-11-14","7.14"
"2025-01-03 12:54:33.428554+00:00","2024-11-14","7.14"
"2025-01-03 13:14:53.362102+00:00","2024-11-14","7.14"
"2025-01-03 13:34:29.041624+00:00","2024-11-14","7.14"
"2025-01-03 14:07:17.748928+00:00","2024-11-14","7.14"
"2025-01-03 14:35:27.794586+00:00","2024-11-14","7.14"
"2025-01-03 15:08:16.508342+00:00","2024-11-14","7.14"
"2025-01-03 15:33:23.660664+00:00","2024-11-14","7.14"
"2025-01-03 16:09:27.051149+00:00","2024-11-14","7.14"
"2025-01-03 16:40:26.786134+00:00","2024-11-14","7.14"
"2025-01-03 17:06:59.009074+00:00","2024-11-14","7.14"
"2025-01-03 17:32:47.425817+00:00","2024-11-14","7.14"
"2025-01-06 06:12:40.284338+00:00","2024-11-14","7.57"
"2025-01-06 06:42:36.330183+00:00","2024-11-14","7.57"
"2025-01-06 07:08:55.533269+00:00","2024-11-14","7.57"
"2025-01-06 07:31:26.806219+00:00","2024-11-14","7.57"
"2025-01-06 08:11:45.248603+00:00","2024-11-14","7.57"
"2025-01-06 08:39:46.107158+00:00","2024-11-14","7.57"
"2025-01-06 09:09:08.334804+00:00","2024-11-14","7.57"
"2025-01-06 09:35:17.384357+00:00","2024-11-14","7.57"
"2025-01-06 10:09:08.390534+00:00","2024-11-14","7.57"
"2025-01-06 10:39:19.205911+00:00","2024-11-14","7.57"
"2025-01-06 11:07:11.812415+00:00","2024-11-14","7.57"
"2025-01-06 11:31:20.802125+00:00","2024-11-14","7.57"
"2025-01-06 12:15:14.864921+00:00","2024-11-14","7.57"
"2025-01-06 12:56:15.268196+00:00","2024-11-14","7.57"
"2025-01-06 13:18:14.590902+00:00","2024-11-14","7.57"
"2025-01-06 13:37:07.276951+00:00","2024-11-14","7.57"
"2025-01-06 14:07:32.062554+00:00","2024-11-14","7.57"
"2025-01-06 14:37:22.251064+00:00","2024-11-14","7.57"
"2025-01-06 15:08:16.208708+00:00","2024-11-14","7.57"
"2025-01-06 15:33:18.833390+00:00","2024-11-14","7.57"
"2025-01-06 16:09:36.765043+00:00","2024-11-14","7.57"
"2025-01-06 16:41:29.667397+00:00","2024-11-14","7.57"
"2025-01-06 17:07:22.416115+00:00","2024-11-14","7.57"
"2025-01-06 17:33:59.923761+00:00","2024-11-14","7.57"
"2025-01-07 06:11:59.544633+00:00","2024-11-14","7.71"
"2025-01-07 06:41:52.118093+00:00","2024-11-14","7.71"
"2025-01-07 07:08:03.428772+00:00","2024-11-14","7.71"
"2025-01-07 07:31:24.997912+00:00","2024-11-19","7.0"
"2025-01-07 08:11:06.938096+00:00","2024-11-19","7.0"
"2025-01-07 08:39:19.329966+00:00","2024-11-19","7.0"
"2025-01-07 09:08:32.733563+00:00","2024-11-19","7.0"
"2025-01-07 09:34:43.756816+00:00","2024-11-19","7.0"
"2025-01-07 10:09:10.801404+00:00","2024-11-19","7.0"
"2025-01-07 10:39:40.480164+00:00","2024-11-19","7.0"
"2025-01-07 11:07:00.808944+00:00","2024-11-19","7.0"
"2025-01-07 11:31:22.990551+00:00","2024-11-19","7.0"
"2025-01-07 12:14:56.224312+00:00","2024-11-19","7.0"
"2025-01-07 12:55:59.979511+00:00","2024-11-19","7.0"
"2025-01-07 13:18:02.960294+00:00","2024-11-19","7.0"
"2025-01-07 15:05:07.939354+00:00","2024-11-19","7.0"
"2025-01-07 16:11:51.491877+00:00","2024-11-19","7.0"
"2025-01-07 16:51:35.968435+00:00","2024-11-19","7.0"
"2025-01-07 17:07:49.643382+00:00","2024-11-19","7.0"
"2025-01-07 17:34:33.724388+00:00","2024-11-19","7.0"
"2025-01-08 06:11:48.621566+00:00","2024-11-19","7.14"
"2025-01-08 06:41:20.551786+00:00","2024-11-19","7.14"
"2025-01-08 07:07:58.576172+00:00","2024-11-19","7.14"
"2025-01-08 07:31:16.158264+00:00","2024-11-19","7.14"
"2025-01-08 08:10:59.879050+00:00","2024-11-19","7.14"
"2025-01-08 08:39:41.921159+00:00","2024-11-19","7.14"
"2025-01-08 09:08:28.511832+00:00","2024-11-19","7.14"
"2025-01-08 09:33:52.815935+00:00","2024-11-19","7.14"
"2025-01-08 10:08:53.674427+00:00","2024-11-19","7.14"
"2025-01-08 10:37:28.349043+00:00","2024-11-19","7.14"
"2025-01-08 11:06:57.522183+00:00","2024-11-19","7.14"
"2025-01-08 11:31:30.824692+00:00","2024-11-19","7.14"
"2025-01-08 12:15:10.517881+00:00","2024-11-19","7.14"
"2025-01-08 12:55:42.196220+00:00","2024-11-19","7.14"
"2025-01-08 13:16:52.341221+00:00","2024-11-19","7.14"
"2025-01-08 13:36:29.704085+00:00","2024-11-19","7.14"
"2025-01-08 14:07:37.418709+00:00","2024-11-19","7.14"
"2025-01-08 14:36:56.474640+00:00","2024-11-19","7.14"
"2025-01-08 15:08:07.874406+00:00","2024-11-19","7.14"
"2025-01-08 15:35:10.937576+00:00","2024-11-19","7.14"
"2025-01-08 16:09:29.945820+00:00","2024-11-19","7.14"
"2025-01-08 16:41:30.707920+00:00","2024-11-19","7.14"
"2025-01-08 17:07:10.889938+00:00","2024-11-19","7.14"
"2025-01-08 17:34:05.236331+00:00","2024-11-19","7.14"
"2025-01-09 06:42:00.106669+00:00","2024-11-19","7.29"
"2025-01-09 07:08:27.350850+00:00","2024-11-19","7.29"
"2025-01-09 08:10:52.702936+00:00","2024-11-19","7.29"
"2025-01-09 08:38:58.762493+00:00","2024-11-19","7.29"
"2025-01-09 09:08:48.111520+00:00","2024-11-21","7.0"
"2025-01-09 09:33:42.104902+00:00","2024-11-21","7.0"
"2025-01-09 10:08:41.053471+00:00","2024-11-21","7.0"
"2025-01-09 10:38:53.458699+00:00","2024-11-21","7.0"
"2025-01-09 11:06:56.126259+00:00","2024-11-21","7.0"
"2025-01-09 11:31:23.627109+00:00","2024-11-21","7.0"
"2025-01-09 12:14:43.064027+00:00","2024-11-21","7.0"
"2025-01-09 12:55:52.779146+00:00","2024-11-21","7.0"
"2025-01-09 13:17:19.107595+00:00","2024-11-21","7.0"
"2025-01-09 13:36:38.666986+00:00","2024-11-21","7.0"
"2025-01-09 14:07:35.247742+00:00","2024-11-21","7.0"
"2025-01-09 14:36:54.509292+00:00","2024-11-21","7.0"
"2025-01-09 15:08:23.962934+00:00","2024-11-21","7.0"
"2025-01-09 15:34:57.580109+00:00","2024-11-21","7.0"
"2025-01-09 16:09:27.314394+00:00","2024-11-21","7.0"
"2025-01-09 16:41:20.723806+00:00","2024-11-21","7.0"
"2025-01-09 17:07:24.339615+00:00","2024-11-21","7.0"
"2025-01-09 17:34:03.375594+00:00","2024-11-21","7.0"
"2025-01-10 06:11:54.343712+00:00","2024-11-21","7.14"
"2025-01-10 06:41:59.159897+00:00","2024-11-21","7.14"
"2025-01-10 07:08:00.535910+00:00","2024-11-21","7.14"
"2025-01-10 07:31:14.835668+00:00","2024-11-21","7.14"
"2025-01-10 08:11:41.036749+00:00","2024-11-25","6.57"
"2025-01-10 08:39:41.471383+00:00","2024-11-25","6.57"
"2025-01-10 09:08:46.574553+00:00","2024-11-25","6.57"
"2025-01-10 09:34:12.383830+00:00","2024-11-25","6.57"
"2025-01-10 10:08:50.275279+00:00","2024-11-25","6.57"
"2025-01-10 10:39:08.975400+00:00","2024-11-25","6.57"
"2025-01-10 11:07:46.303022+00:00","2024-11-25","6.57"
"2025-01-10 11:31:22.067339+00:00","2024-11-25","6.57"
"2025-01-10 12:14:55.959744+00:00","2024-11-25","6.57"
"2025-01-10 12:55:52.266069+00:00","2024-11-25","6.57"
"2025-01-10 13:15:55.933603+00:00","2024-11-25","6.57"
"2025-01-10 13:34:22.467830+00:00","2024-11-25","6.57"
"2025-01-10 14:07:46.608783+00:00","2024-11-25","6.57"
"2025-01-10 14:36:52.942496+00:00","2024-11-25","6.57"
"2025-01-10 15:07:37.884966+00:00","2024-11-25","6.57"
"2025-01-10 15:34:31.556396+00:00","2024-11-25","6.57"
"2025-01-10 16:09:37.790370+00:00","2024-11-25","6.57"
"2025-01-10 16:41:12.747131+00:00","2024-11-25","6.57"
"2025-01-10 17:07:18.994579+00:00","2024-11-25","6.57"
"2025-01-10 17:33:51.071280+00:00","2024-11-25","6.57"
"2025-01-13 06:12:40.971289+00:00","2024-11-25","7.0"
"2025-01-13 06:43:10.506167+00:00","2024-11-25","7.0"
"2025-01-13 07:09:24.169932+00:00","2024-11-25","7.0"
"2025-01-13 07:31:28.870305+00:00","2024-11-25","7.0"
"2025-01-13 08:12:13.774755+00:00","2024-11-25","7.0"
"2025-01-13 08:40:41.324106+00:00","2024-11-25","7.0"
"2025-01-13 09:09:26.502721+00:00","2024-11-25","7.0"
"2025-01-13 09:36:29.916763+00:00","2024-11-25","7.0"
"2025-01-13 10:09:34.238017+00:00","2024-11-25","7.0"
"2025-01-13 10:40:00.713821+00:00","2024-11-25","7.0"
"2025-01-13 11:07:48.694617+00:00","2024-11-25","7.0"
"2025-01-13 11:31:27.759893+00:00","2024-11-25","7.0"
"2025-01-13 12:15:54.729117+00:00","2024-11-25","7.0"
"2025-01-13 12:57:21.926921+00:00","2024-11-25","7.0"
"2025-01-13 13:19:19.820094+00:00","2024-11-25","7.0"
"2025-01-13 13:37:21.360020+00:00","2024-11-25","7.0"
"2025-01-13 14:08:17.157012+00:00","2024-11-25","7.0"
"2025-01-13 14:38:25.619446+00:00","2024-11-25","7.0"
"2025-01-13 15:08:41.295483+00:00","2024-11-25","7.0"
"2025-01-13 15:36:46.659294+00:00","2024-11-25","7.0"
"2025-01-13 16:09:59.450452+00:00","2024-11-25","7.0"
"2025-01-13 16:42:14.048876+00:00","2024-11-25","7.0"
"2025-01-13 17:07:44.016555+00:00","2024-11-25","7.0"
"2025-01-13 17:34:59.968843+00:00","2024-11-25","7.0"
"2025-01-14 06:11:02.631981+00:00","2024-11-25","7.14"
"2025-01-14 06:40:22.430283+00:00","2024-11-25","7.14"
"2025-01-14 07:07:47.363730+00:00","2024-11-25","7.14"
"2025-01-14 07:31:16.933103+00:00","2024-11-25","7.14"
"2025-01-14 08:10:41.247373+00:00","2024-11-25","7.14"
"2025-01-14 08:38:14.193999+00:00","2024-11-25","7.14"
"2025-01-14 09:08:12.979694+00:00","2024-11-25","7.14"
"2025-01-14 09:32:45.125528+00:00","2024-11-25","7.14"
"2025-01-14 10:08:20.905344+00:00","2024-11-25","7.14"
"2025-01-14 10:37:21.471579+00:00","2024-11-27","6.86"
"2025-01-14 11:06:28.101201+00:00","2024-11-27","6.86"
"2025-01-14 11:31:27.176635+00:00","2024-11-27","6.86"
"2025-01-14 12:14:14.118560+00:00","2024-11-27","6.86"
"2025-01-14 12:53:21.644053+00:00","2024-11-27","6.86"
"2025-01-14 13:13:53.939150+00:00","2024-11-27","6.86"
"2025-01-14 13:33:25.316459+00:00","2024-11-27","6.86"
"2025-01-14 14:07:42.561751+00:00","2024-11-27","6.86"
"2025-01-14 14:35:33.271160+00:00","2024-11-27","6.86"
"2025-01-14 15:08:01.911699+00:00","2024-11-27","6.86"
"2025-01-14 15:33:27.449958+00:00","2024-11-27","6.86"
"2025-01-14 16:09:11.897860+00:00","2024-11-27","6.86"
"2025-01-14 16:39:59.311415+00:00","2024-11-27","6.86"
"2025-01-14 17:07:04.517064+00:00","2024-11-27","6.86"
"2025-01-14 17:32:52.894684+00:00","2024-11-27","6.86"
"2025-01-15 06:11:14.234739+00:00","2024-11-27","7.0"
"2025-01-15 06:40:24.370357+00:00","2024-11-27","7.0"
"2025-01-15 07:07:41.455725+00:00","2024-11-27","7.0"
"2025-01-15 07:31:26.511582+00:00","2024-11-27","7.0"
"2025-01-15 08:10:39.328834+00:00","2024-11-28","6.86"
"2025-01-15 08:38:43.299304+00:00","2024-11-28","6.86"
"2025-01-15 09:08:21.536095+00:00","2024-11-28","6.86"
"2025-01-15 09:32:46.330367+00:00","2024-11-28","6.86"
"2025-01-15 10:08:32.781736+00:00","2024-11-28","6.86"
"2025-01-15 10:37:19.209696+00:00","2024-11-28","6.86"
"2025-01-15 11:06:50.515839+00:00","2024-11-28","6.86"
"2025-01-15 11:31:24.875449+00:00","2024-11-28","6.86"
"2025-01-15 12:14:16.123835+00:00","2024-11-28","6.86"
"2025-01-15 12:54:00.960977+00:00","2024-11-28","6.86"
"2025-01-15 13:14:36.137000+00:00","2024-11-28","6.86"
"2025-01-15 13:34:36.350047+00:00","2024-11-28","6.86"
"2025-01-15 14:07:20.053855+00:00","2024-11-28","6.86"
"2025-01-15 14:35:58.290122+00:00","2024-11-28","6.86"
"2025-01-15 15:08:04.619767+00:00","2024-11-28","6.86"
"2025-01-15 15:33:40.739389+00:00","2024-11-28","6.86"
"2025-01-15 16:09:14.183959+00:00","2024-11-28","6.86"
"2025-01-15 16:38:33.010138+00:00","2024-11-28","6.86"
"2025-01-15 17:07:22.133926+00:00","2024-11-28","6.86"
"2025-01-15 17:32:55.439979+00:00","2024-11-28","6.86"
"2025-01-16 06:11:17.403791+00:00","2024-11-28","7.0"
"2025-01-16 06:40:10.647667+00:00","2024-11-28","7.0"
"2025-01-16 07:07:51.581588+00:00","2024-11-28","7.0"
"2025-01-16 07:31:05.459907+00:00","2024-11-29","6.86"
"2025-01-16 08:10:27.320513+00:00","2024-11-29","6.86"
"2025-01-16 08:37:30.045567+00:00","2024-11-29","6.86"
"2025-01-16 09:08:26.270606+00:00","2024-11-29","6.86"
"2025-01-16 09:32:23.019352+00:00","2024-11-29","6.86"
"2025-01-16 10:08:28.672246+00:00","2024-11-29","6.86"
"2025-01-16 10:37:48.825191+00:00","2024-11-29","6.86"
"2025-01-16 11:06:26.011971+00:00","2024-11-29","6.86"
"2025-01-16 11:31:30.944709+00:00","2024-11-29","6.86"
"2025-01-16 12:14:16.107713+00:00","2024-11-29","6.86"
"2025-01-16 12:53:55.257314+00:00","2024-11-29","6.86"
"2025-01-16 13:14:39.524294+00:00","2024-11-29","6.86"
"2025-01-16 13:34:09.434039+00:00","2024-11-29","6.86"
"2025-01-16 14:07:19.805270+00:00","2024-11-29","6.86"
"2025-01-16 14:35:03.377137+00:00","2024-11-29","6.86"
"2025-01-16 15:07:57.051098+00:00","2024-11-29","6.86"
"2025-01-16 15:33:18.025513+00:00","2024-11-29","6.86"
"2025-01-16 16:09:14.622539+00:00","2024-11-29","6.86"
"2025-01-16 16:39:36.603920+00:00","2024-11-29","6.86"
"2025-01-16 17:07:19.650026+00:00","2024-11-29","6.86"
"2025-01-16 17:33:19.950990+00:00","2024-11-29","6.86"
"2025-01-17 06:11:03.381445+00:00","2024-11-29","7.0"
"2025-01-17 06:40:06.593573+00:00","2024-11-29","7.0"
"2025-01-17 07:07:49.938375+00:00","2024-11-29","7.0"
"2025-01-17 07:31:34.315481+00:00","2024-11-29","7.0"
"2025-01-17 08:10:34.859738+00:00","2024-11-29","7.0"
"2025-01-17 08:37:17.853240+00:00","2024-11-29","7.0"
"2025-01-17 09:08:01.502125+00:00","2024-11-29","7.0"
"2025-01-17 09:32:27.750977+00:00","2024-11-29","7.0"
"2025-01-17 10:08:12.181575+00:00","2024-11-29","7.0"
"2025-01-17 10:37:26.309993+00:00","2024-11-29","7.0"
"2025-01-17 11:06:50.964850+00:00","2024-12-02","6.57"
"2025-01-17 11:31:23.980116+00:00","2024-12-02","6.57"
"2025-01-17 12:14:04.525514+00:00","2024-12-02","6.57"
"2025-01-17 12:52:54.425271+00:00","2024-12-02","6.57"
"2025-01-17 13:13:57.169013+00:00","2024-12-02","6.57"
"2025-01-17 13:33:07.976268+00:00","2024-12-02","6.57"
"2025-01-17 14:07:18.842870+00:00","2024-12-03","6.43"
"2025-01-17 14:34:48.349368+00:00","2024-12-03","6.43"
"2025-01-17 15:07:44.640941+00:00","2024-12-03","6.43"
"2025-01-17 15:32:40.585636+00:00","2024-12-03","6.43"
"2025-01-17 16:09:03.534136+00:00","2024-12-03","6.43"
"2025-01-17 16:39:05.468638+00:00","2024-12-03","6.43"
"2025-01-17 17:07:15.448335+00:00","2024-12-03","6.43"
"2025-01-17 17:34:48.443546+00:00","2024-12-03","6.43"
"2025-01-20 06:11:53.924871+00:00","2024-12-03","6.86"
"2025-01-20 06:41:37.977312+00:00","2024-12-03","6.86"
"2025-01-20 07:08:34.460473+00:00","2024-12-03","6.86"
"2025-01-20 07:31:03.409875+00:00","2024-12-03","6.86"
"2025-01-20 08:11:35.394734+00:00","2024-12-03","6.86"
"2025-01-20 08:39:27.309901+00:00","2024-12-03","6.86"
"2025-01-20 09:08:57.679223+00:00","2024-12-03","6.86"
"2025-01-20 09:33:58.056924+00:00","2024-12-03","6.86"
"2025-01-20 10:08:48.018784+00:00","2024-12-03","6.86"
"2025-01-20 10:38:15.073808+00:00","2024-12-03","6.86"
"2025-01-20 11:06:57.753443+00:00","2024-12-03","6.86"
"2025-01-20 11:31:14.655666+00:00","2024-12-03","6.86"
"2025-01-20 12:14:44.917992+00:00","2024-12-03","6.86"
"2025-01-20 12:54:49.909262+00:00","2024-12-03","6.86"
"2025-01-20 13:15:21.343486+00:00","2024-12-03","6.86"
"2025-01-20 13:35:20.158726+00:00","2024-12-03","6.86"
"2025-01-20 14:07:56.849432+00:00","2024-12-03","6.86"
"2025-01-20 14:36:17.523151+00:00","2024-12-03","6.86"
"2025-01-20 15:08:16.950645+00:00","2024-12-03","6.86"
"2025-01-20 15:33:40.123525+00:00","2024-12-03","6.86"
"2025-01-20 16:09:03.791988+00:00","2024-12-03","6.86"
"2025-01-20 16:39:38.591694+00:00","2024-12-03","6.86"
"2025-01-20 17:07:00.251561+00:00","2024-12-03","6.86"
"2025-01-20 17:32:02.726651+00:00","2024-12-03","6.86"
"2025-01-21 06:11:23.270739+00:00","2024-12-03","7.0"
"2025-01-21 06:40:37.113068+00:00","2024-12-03","7.0"
"2025-01-21 07:07:57.298685+00:00","2024-12-03","7.0"
"2025-01-21 07:31:17.258107+00:00","2024-12-05","6.71"
"2025-01-21 08:10:57.375151+00:00","2024-12-05","6.71"
"2025-01-21 08:38:20.302265+00:00","2024-12-05","6.71"
"2025-01-21 09:08:42.231298+00:00","2024-12-05","6.71"
"2025-01-21 09:33:25.896137+00:00","2024-12-05","6.71"
"2025-01-21 10:08:32.541762+00:00","2024-12-05","6.71"
"2025-01-21 10:38:08.779989+00:00","2024-12-05","6.71"
"2025-01-21 11:06:56.940207+00:00","2024-12-05","6.71"
"2025-01-21 11:31:15.475284+00:00","2024-12-05","6.71"
"2025-01-21 12:14:35.053986+00:00","2024-12-05","6.71"
"2025-01-21 12:54:13.752350+00:00","2024-12-05","6.71"
"2025-01-21 13:14:50.623352+00:00","2024-12-05","6.71"
"2025-01-21 13:34:59.305856+00:00","2024-12-05","6.71"
"2025-01-21 14:07:32.476040+00:00","2024-12-05","6.71"
"2025-01-21 14:36:43.254056+00:00","2024-12-05","6.71"
"2025-01-21 15:08:16.496341+00:00","2024-12-05","6.71"
"2025-01-21 15:34:59.518031+00:00","2024-12-05","6.71"
"2025-01-21 16:09:22.905160+00:00","2024-12-05","6.71"
"2025-01-21 16:40:38.570758+00:00","2024-12-05","6.71"
"2025-01-21 17:07:17.404970+00:00","2024-12-05","6.71"
"2025-01-21 17:34:38.218459+00:00","2024-12-05","6.71"
"2025-01-22 06:11:32.937685+00:00","2024-12-05","6.86"
"2025-01-22 06:41:04.025928+00:00","2024-12-05","6.86"
"2025-01-22 07:07:59.011296+00:00","2024-12-05","6.86"
"2025-01-22 07:31:24.355855+00:00","2024-12-05","6.86"
"2025-01-22 08:11:09.204640+00:00","2024-12-06","6.71"
"2025-01-22 08:39:06.040192+00:00","2024-12-06","6.71"
"2025-01-22 09:08:32.695024+00:00","2024-12-06","6.71"
"2025-01-22 09:33:47.416984+00:00","2024-12-06","6.71"
"2025-01-22 10:07:07.319737+00:00","2024-12-06","6.71"
"2025-01-22 10:36:46.653860+00:00","2024-12-06","6.71"
"2025-01-22 11:06:53.251388+00:00","2024-12-06","6.71"
"2025-01-22 11:31:18.055018+00:00","2024-12-06","6.71"
"2025-01-22 12:14:32.768414+00:00","2024-12-06","6.71"
"2025-01-22 12:54:43.919024+00:00","2024-12-06","6.71"
"2025-01-22 13:15:10.636404+00:00","2024-12-06","6.71"
"2025-01-22 13:35:05.902550+00:00","2024-12-06","6.71"
"2025-01-22 14:08:04.588535+00:00","2024-12-06","6.71"
"2025-01-22 14:36:37.438484+00:00","2024-12-06","6.71"
"2025-01-22 15:08:01.222743+00:00","2024-12-06","6.71"
"2025-01-22 15:34:32.253534+00:00","2024-12-06","6.71"
"2025-01-22 16:09:37.890188+00:00","2024-12-06","6.71"
"2025-01-22 16:40:08.526799+00:00","2024-12-06","6.71"
"2025-01-22 17:07:50.799309+00:00","2024-12-06","6.71"
"2025-01-22 17:34:36.552957+00:00","2024-12-06","6.71"
"2025-01-23 06:11:14.310686+00:00","2024-12-06","6.86"
"2025-01-23 06:40:17.370755+00:00","2024-12-06","6.86"
"2025-01-23 07:07:58.923534+00:00","2024-12-06","6.86"
"2025-01-23 07:31:47.863369+00:00","2024-12-06","6.86"
"2025-01-23 08:11:13.784836+00:00","2024-12-09","6.43"
"2025-01-23 08:38:15.254377+00:00","2024-12-09","6.43"
"2025-01-23 09:08:48.259823+00:00","2024-12-09","6.43"
"2025-01-23 09:33:45.390900+00:00","2024-12-09","6.43"
"2025-01-23 10:08:28.443427+00:00","2024-12-09","6.43"
"2025-01-23 10:39:00.248407+00:00","2024-12-09","6.43"
"2025-01-23 11:06:44.279301+00:00","2024-12-09","6.43"
"2025-01-23 11:31:07.965066+00:00","2024-12-09","6.43"
"2025-01-23 12:14:44.443565+00:00","2024-12-09","6.43"
"2025-01-23 12:54:26.178721+00:00","2024-12-09","6.43"
"2025-01-23 13:15:12.175280+00:00","2024-12-09","6.43"
"2025-01-23 13:35:13.820841+00:00","2024-12-09","6.43"
"2025-01-23 14:07:31.509840+00:00","2024-12-09","6.43"
"2025-01-23 14:36:50.519253+00:00","2024-12-09","6.43"
"2025-01-23 15:08:10.482244+00:00","2024-12-09","6.43"
"2025-01-23 15:34:58.863524+00:00","2024-12-09","6.43"
"2025-01-23 16:09:37.053128+00:00","2024-12-09","6.43"
"2025-01-23 16:40:40.971361+00:00","2024-12-09","6.43"
"2025-01-23 17:07:38.707462+00:00","2024-12-09","6.43"
"2025-01-23 17:33:48.207340+00:00","2024-12-09","6.43"
"2025-01-24 06:11:13.570938+00:00","2024-12-09","6.57"
"2025-01-24 06:40:17.846655+00:00","2024-12-09","6.57"
"2025-01-24 07:07:51.620745+00:00","2024-12-09","6.57"
"2025-01-24 07:31:29.446808+00:00","2024-12-09","6.57"
"2025-01-24 08:11:14.167194+00:00","2024-12-09","6.57"
"2025-01-24 08:38:04.262126+00:00","2024-12-09","6.57"
"2025-01-24 09:08:47.273733+00:00","2024-12-09","6.57"
"2025-01-24 09:32:34.881491+00:00","2024-12-09","6.57"
"2025-01-24 10:08:51.312601+00:00","2024-12-09","6.57"
"2025-01-24 10:37:54.284432+00:00","2024-12-09","6.57"
"2025-01-24 11:07:12.016270+00:00","2024-12-09","6.57"
"2025-01-24 11:31:14.643056+00:00","2024-12-09","6.57"
"2025-01-24 12:14:14.822818+00:00","2024-12-09","6.57"
"2025-01-24 12:53:25.086881+00:00","2024-12-09","6.57"
"2025-01-24 13:14:14.085820+00:00","2024-12-09","6.57"
"2025-01-24 13:33:54.861799+00:00","2024-12-09","6.57"
"2025-01-24 14:07:24.597254+00:00","2024-12-09","6.57"
"2025-01-24 14:35:28.576577+00:00","2024-12-09","6.57"
"2025-01-24 15:08:01.779990+00:00","2024-12-09","6.57"
"2025-01-24 15:33:20.954418+00:00","2024-12-09","6.57"
"2025-01-24 16:09:05.565236+00:00","2024-12-09","6.57"
"2025-01-24 16:39:37.227287+00:00","2024-12-09","6.57"
"2025-01-24 17:06:59.197861+00:00","2024-12-09","6.57"
"2025-01-24 17:32:42.272263+00:00","2024-12-09","6.57"
"2025-01-27 06:11:59.581606+00:00","2024-12-09","7.0"
"2025-01-27 06:40:59.544553+00:00","2024-12-09","7.0"
"2025-01-27 07:08:35.766038+00:00","2024-12-09","7.0"
"2025-01-27 07:31:13.351208+00:00","2024-12-09","7.0"
"2025-01-27 08:12:07.970119+00:00","2024-12-10","6.86"
"2025-01-27 08:38:57.389084+00:00","2024-12-10","6.86"
"2025-01-27 09:09:35.964591+00:00","2024-12-10","6.86"
"2025-01-27 09:34:05.969594+00:00","2024-12-10","6.86"
"2025-01-27 10:09:06.874376+00:00","2024-12-10","6.86"
"2025-01-27 10:38:23.580584+00:00","2024-12-10","6.86"
"2025-01-27 11:07:32.668900+00:00","2024-12-10","6.86"
"2025-01-27 11:31:05.657605+00:00","2024-12-10","6.86"
"2025-01-27 12:14:59.194251+00:00","2024-12-11","6.71"
"2025-01-27 12:54:15.401026+00:00","2024-12-11","6.71"
"2025-01-27 13:15:11.654208+00:00","2024-12-11","6.71"
"2025-01-27 13:35:37.574808+00:00","2024-12-11","6.71"
"2025-01-27 14:08:09.415470+00:00","2024-12-11","6.71"
"2025-01-27 14:36:30.918725+00:00","2024-12-11","6.71"
"2025-01-27 15:07:50.497874+00:00","2024-12-11","6.71"
"2025-01-27 15:31:08.580714+00:00","2024-12-11","6.71"
"2025-01-27 16:09:49.817420+00:00","2024-12-11","6.71"
"2025-01-27 16:39:49.596251+00:00","2024-12-11","6.71"
"2025-01-27 17:07:17.299112+00:00","2024-12-11","6.71"
"2025-01-27 17:33:31.912300+00:00","2024-12-11","6.71"
"2025-01-28 06:11:29.165379+00:00","2024-12-11","6.86"
"2025-01-28 06:40:10.788929+00:00","2024-12-11","6.86"
"2025-01-28 07:07:54.176758+00:00","2024-12-11","6.86"
"2025-01-28 07:31:19.982139+00:00","2024-12-11","6.86"
"2025-01-28 08:11:14.446094+00:00","2024-12-11","6.86"
"2025-01-28 08:38:04.917564+00:00","2024-12-11","6.86"
"2025-01-28 09:08:44.537598+00:00","2024-12-11","6.86"
"2025-01-28 09:32:48.858680+00:00","2024-12-11","6.86"
"2025-01-28 10:08:33.569195+00:00","2024-12-11","6.86"
"2025-01-28 10:37:37.473959+00:00","2024-12-11","6.86"
"2025-01-28 11:06:52.973961+00:00","2024-12-11","6.86"
"2025-01-28 11:31:25.635160+00:00","2024-12-11","6.86"
"2025-01-28 12:14:27.450194+00:00","2024-12-11","6.86"
"2025-01-28 12:53:46.898695+00:00","2024-12-11","6.86"
"2025-01-28 13:14:29.598537+00:00","2024-12-11","6.86"
"2025-01-28 13:34:12.454694+00:00","2024-12-11","6.86"
"2025-01-28 14:08:15.856056+00:00","2024-12-11","6.86"
"2025-01-28 14:36:13.757328+00:00","2024-12-11","6.86"
"2025-01-28 15:08:30.230971+00:00","2024-12-11","6.86"
"2025-01-28 15:34:16.870513+00:00","2024-12-11","6.86"
"2025-01-28 16:09:31.798084+00:00","2024-12-11","6.86"
"2025-01-28 16:40:02.009124+00:00","2024-12-11","6.86"
"2025-01-28 17:06:58.849550+00:00","2024-12-11","6.86"
"2025-01-28 17:32:34.623181+00:00","2024-12-11","6.86"
"2025-01-29 06:11:33.836050+00:00","2024-12-11","7.0"
"2025-01-29 06:40:22.939937+00:00","2024-12-11","7.0"
"2025-01-29 07:07:47.920702+00:00","2024-12-11","7.0"
"2025-01-29 07:31:29.119664+00:00","2024-12-11","7.0"
"2025-01-29 08:11:07.997208+00:00","2024-12-11","7.0"
"2025-01-29 08:38:20.992282+00:00","2024-12-11","7.0"
"2025-01-29 09:08:24.217496+00:00","2024-12-11","7.0"
"2025-01-29 09:32:25.306670+00:00","2024-12-11","7.0"
"2025-01-29 10:08:31.651732+00:00","2024-12-11","7.0"
"2025-01-29 10:37:12.415536+00:00","2024-12-11","7.0"
"2025-01-29 11:06:43.547881+00:00","2024-12-11","7.0"
"2025-01-29 11:31:33.352202+00:00","2024-12-11","7.0"
"2025-01-29 12:14:19.137498+00:00","2024-12-12","6.86"
"2025-01-29 12:53:02.590777+00:00","2024-12-12","6.86"
"2025-01-29 13:15:02.727529+00:00","2024-12-12","6.86"
"2025-01-29 13:35:03.163694+00:00","2024-12-12","6.86"
"2025-01-29 14:07:35.681722+00:00","2024-12-12","6.86"
"2025-01-29 14:35:59.136601+00:00","2024-12-12","6.86"
"2025-01-29 15:08:06.286632+00:00","2024-12-12","6.86"
"2025-01-29 15:33:59.782534+00:00","2024-12-12","6.86"
"2025-01-29 16:10:09.915101+00:00","2024-12-12","6.86"
"2025-01-29 16:39:16.404527+00:00","2024-12-12","6.86"
"2025-01-29 17:07:15.868573+00:00","2024-12-12","6.86"
"2025-01-29 17:33:24.932897+00:00","2024-12-12","6.86"
"2025-01-30 06:11:14.936594+00:00","2024-12-12","7.0"
"2025-01-30 06:39:49.876215+00:00","2024-12-12","7.0"
"2025-01-30 07:07:40.344507+00:00","2024-12-12","7.0"
"2025-01-30 07:31:26.996226+00:00","2024-12-12","7.0"
"2025-01-30 08:10:33.112251+00:00","2024-12-12","7.0"
"2025-01-30 08:36:54.969849+00:00","2024-12-12","7.0"
"2025-01-30 09:08:19.881134+00:00","2024-12-12","7.0"
"2025-01-30 09:32:05.959140+00:00","2024-12-12","7.0"
"2025-01-30 10:08:30.870256+00:00","2024-12-12","7.0"
"2025-01-30 10:37:08.544997+00:00","2024-12-12","7.0"
"2025-01-30 11:06:45.007856+00:00","2024-12-12","7.0"
"2025-01-30 11:31:17.148082+00:00","2024-12-12","7.0"
"2025-01-30 12:14:46.086468+00:00","2024-12-13","6.86"
"2025-01-30 12:53:26.791505+00:00","2024-12-13","6.86"
"2025-01-30 13:14:32.900090+00:00","2024-12-13","6.86"
"2025-01-30 13:34:12.316136+00:00","2024-12-13","6.86"
"2025-01-30 14:07:36.713310+00:00","2024-12-13","6.86"
"2025-01-30 14:33:18.385468+00:00","2024-12-13","6.86"
"2025-01-30 15:07:57.630901+00:00","2024-12-13","6.86"
"2025-01-30 15:33:31.855817+00:00","2024-12-13","6.86"
"2025-01-30 16:09:24.056397+00:00","2024-12-13","6.86"
"2025-01-30 16:40:12.687588+00:00","2024-12-13","6.86"
"2025-01-30 17:07:17.564684+00:00","2024-12-13","6.86"
"2025-01-30 17:33:27.638310+00:00","2024-12-13","6.86"
"2025-01-31 06:11:17.347005+00:00","2024-12-13","7.0"
"2025-01-31 06:40:40.181830+00:00","2024-12-13","7.0"
"2025-01-31 07:07:44.313522+00:00","2024-12-13","7.0"
"2025-01-31 07:31:13.881353+00:00","2024-12-13","7.0"
"2025-01-31 08:10:24.681557+00:00","2024-12-16","6.57"
"2025-01-31 08:37:11.282614+00:00","2024-12-16","6.57"
"2025-01-31 09:08:11.156348+00:00","2024-12-16","6.57"
"2025-01-31 09:32:06.989227+00:00","2024-12-16","6.57"
"2025-01-31 10:08:20.741816+00:00","2024-12-16","6.57"
"2025-01-31 10:37:08.160188+00:00","2024-12-16","6.57"
"2025-01-31 11:06:36.690493+00:00","2024-12-16","6.57"
"2025-01-31 11:31:36.405023+00:00","2024-12-16","6.57"
"2025-01-31 12:14:01.736763+00:00","2024-12-16","6.57"
"2025-01-31 12:52:54.767477+00:00","2024-12-16","6.57"
"2025-01-31 13:13:59.049599+00:00","2024-12-16","6.57"
"2025-01-31 13:33:38.140935+00:00","2024-12-16","6.57"
"2025-01-31 14:07:42.157729+00:00","2024-12-16","6.57"
"2025-01-31 14:34:21.920841+00:00","2024-12-16","6.57"
"2025-01-31 15:07:46.986259+00:00","2024-12-16","6.57"
"2025-01-31 15:31:15.643637+00:00","2024-12-16","6.57"
"2025-01-31 16:09:10.096015+00:00","2024-12-16","6.57"
"2025-01-31 16:40:10.465606+00:00","2024-12-16","6.57"
"2025-01-31 17:07:09.028483+00:00","2024-12-16","6.57"
"2025-01-31 17:32:14.577911+00:00","2024-12-16","6.57"
"2025-02-03 06:11:39.689053+00:00","2024-12-16","7.0"
"2025-02-03 06:40:49.409786+00:00","2024-12-16","7.0"
"2025-02-03 07:08:19.094923+00:00","2024-12-16","7.0"
"2025-02-03 07:31:25.541089+00:00","2024-12-16","7.0"
"2025-02-03 08:11:34.339020+00:00","2024-12-16","7.0"
"2025-02-03 08:38:33.728717+00:00","2024-12-16","7.0"
"2025-02-03 09:09:23.930336+00:00","2024-12-16","7.0"
"2025-02-03 09:34:15.089015+00:00","2024-12-16","7.0"
"2025-02-03 10:08:34.853971+00:00","2024-12-16","7.0"
"2025-02-03 10:37:41.084602+00:00","2024-12-16","7.0"
"2025-02-03 11:06:44.556506+00:00","2024-12-16","7.0"
"2025-02-03 11:31:19.459349+00:00","2024-12-16","7.0"
"2025-02-03 12:14:43.405375+00:00","2024-12-16","7.0"
"2025-02-03 12:53:34.953089+00:00","2024-12-16","7.0"
"2025-02-03 13:14:38.359629+00:00","2024-12-16","7.0"
"2025-02-03 13:34:48.288534+00:00","2024-12-16","7.0"
"2025-02-03 14:08:14.884224+00:00","2024-12-16","7.0"
"2025-02-03 14:36:30.409812+00:00","2024-12-16","7.0"
"2025-02-03 15:08:00.541168+00:00","2024-12-16","7.0"
"2025-02-03 15:33:38.421295+00:00","2024-12-16","7.0"
"2025-02-03 16:09:42.886824+00:00","2024-12-16","7.0"
"2025-02-03 16:40:16.750854+00:00","2024-12-16","7.0"
"2025-02-03 17:07:16.980447+00:00","2024-12-16","7.0"
"2025-02-03 17:33:10.096522+00:00","2024-12-16","7.0"
"2025-02-04 06:12:10.053364+00:00","2024-12-16","7.14"
"2025-02-04 06:41:55.019865+00:00","2024-12-16","7.14"
"2025-02-04 07:07:57.665397+00:00","2024-12-16","7.14"
"2025-02-04 07:31:19.046837+00:00","2024-12-16","7.14"
"2025-02-04 08:11:23.305557+00:00","2024-12-19","6.71"
"2025-02-04 08:38:07.910637+00:00","2024-12-19","6.71"
"2025-02-04 09:08:32.217523+00:00","2024-12-19","6.71"
"2025-02-04 09:32:52.330820+00:00","2024-12-19","6.71"
"2025-02-04 10:08:52.353099+00:00","2024-12-19","6.71"
"2025-02-04 10:38:09.574070+00:00","2024-12-19","6.71"
"2025-02-04 11:07:02.517882+00:00","2024-12-19","6.71"
"2025-02-04 11:31:26.381380+00:00","2024-12-19","6.71"
"2025-02-04 12:14:59.574090+00:00","2024-12-19","6.71"
"2025-02-04 12:54:25.621334+00:00","2024-12-19","6.71"
"2025-02-04 13:15:24.441109+00:00","2024-12-19","6.71"
"2025-02-04 13:35:24.380310+00:00","2024-12-19","6.71"
"2025-02-04 14:07:37.167683+00:00","2024-12-19","6.71"
"2025-02-04 14:36:35.025992+00:00","2024-12-19","6.71"
"2025-02-04 15:08:08.260345+00:00","2024-12-19","6.71"
"2025-02-04 15:34:36.484131+00:00","2024-12-19","6.71"
"2025-02-04 16:09:37.686970+00:00","2024-12-19","6.71"
"2025-02-04 16:40:28.635004+00:00","2024-12-19","6.71"
"2025-02-04 17:07:13.443687+00:00","2024-12-19","6.71"
"2025-02-04 17:36:47.162567+00:00","2024-12-19","6.71"
"2025-02-05 06:11:47.269389+00:00","2024-12-19","6.86"
"2025-02-05 06:40:33.379795+00:00","2024-12-19","6.86"
"2025-02-05 07:08:14.923250+00:00","2024-12-19","6.86"
"2025-02-05 07:31:20.024448+00:00","2024-12-19","6.86"
"2025-02-05 08:10:59.759785+00:00","2024-12-19","6.86"
"2025-02-05 08:38:29.802095+00:00","2024-12-19","6.86"
"2025-02-05 09:08:50.432055+00:00","2024-12-19","6.86"
"2025-02-05 09:34:07.704122+00:00","2024-12-19","6.86"
"2025-02-05 10:08:47.084616+00:00","2024-12-19","6.86"
"2025-02-05 10:38:01.931416+00:00","2024-12-19","6.86"
"2025-02-05 11:06:50.167262+00:00","2024-12-19","6.86"
"2025-02-05 11:31:28.714022+00:00","2024-12-19","6.86"
"2025-02-05 12:14:46.792207+00:00","2024-12-20","6.71"
"2025-02-05 12:54:46.929797+00:00","2024-12-20","6.71"
"2025-02-05 13:15:08.414750+00:00","2024-12-20","6.71"
"2025-02-05 13:35:19.092341+00:00","2024-12-20","6.71"
"2025-02-05 14:07:44.851839+00:00","2024-12-20","6.71"
"2025-02-05 14:34:01.107630+00:00","2024-12-20","6.71"
"2025-02-05 15:08:15.008692+00:00","2024-12-20","6.71"
"2025-02-05 15:35:26.943809+00:00","2024-12-20","6.71"
"2025-02-05 16:09:56.848187+00:00","2024-12-20","6.71"
"2025-02-05 16:41:44.804209+00:00","2024-12-20","6.71"
"2025-02-05 17:07:03.554615+00:00","2024-12-20","6.71"
"2025-02-05 17:33:20.602782+00:00","2024-12-20","6.71"
